id,name,email,birthdate
4990,Roy Mitchell,evanpeterson@example.com,1974-07-24
4484,William Douglas,ingramlorraine@example.net,1946-10-18
2308,Amber Davies,donna70@example.net,2022-07-12
2761,Denise Payne,mary24@example.com,2009-07-08
2124,Derek Maddox,kgarcia@example.net,1964-07-27
5655,Christina Clayton,kevinmoore@example.org,2018-06-04
355,Jessica Rodriguez,emily76@example.org,1990-03-25
2841,Alejandra Ray,johnsonlisa@example.com,1978-05-02
740,Michael Colon,alexandriasalazar@example.net,1975-06-26
3823,Mary Walton,hawkinsjames@example.com,1927-07-18
661,Victor Henry,melaniefrancis@example.org,1917-02-19
7310,Michelle Allen,franciscopham@example.org,1949-02-05
257,Mr. Miguel Schwartz,mcdanielbrandi@example.com,1938-08-18
3387,Ashley Lee,udunn@example.net,1999-01-25
3010,Dr. Joseph Edwards,laura08@example.com,1984-05-06
2091,Ryan Soto,xperez@example.org,1981-11-18
3214,Tina Anderson,scott66@example.org,1947-07-19
7979,Jennifer Davis,millercatherine@example.com,1980-08-27
5586,Casey Ruiz,kbailey@example.com,1911-12-04
8038,Amber Jones,kimknight@example.net,1952-10-09
3633,Aaron Olson,cturner@example.org,1916-05-29
804,Kathryn Orozco,mbryant@example.net,1960-08-27
6354,Michaela Wilson,david32@example.net,1998-04-13
8587,Rebecca Dodson,lavila@example.org,1926-11-16
3135,Diana Hill,zrosario@example.com,1941-11-05
5619,Sandra Stephens,josephthomas@example.org,1948-10-05
4315,Sharon Robinson,patrickjohnson@example.net,1967-10-21
2230,Matthew Parker,brightmary@example.net,1995-10-28
3316,Linda Morgan,ujacobson@example.com,1991-09-15
1045,Jason Barnes,ubrown@example.net,1971-10-12
5679,Daniel Allen,hramsey@example.com,1980-11-18
6072,Danielle Copeland,katherineluna@example.net,1947-11-22
2736,Timothy Hale,christineschroeder@example.org,2021-04-11
160,Nina Small,johnsonjohn@example.com,2019-12-15
7665,Richard Nichols,palmerandrew@example.org,1961-05-25
3134,Mark Watson,efigueroa@example.org,1931-10-05
2951,Austin Young,qmartinez@example.org,1978-10-16
9749,Chelsea Robinson,nramirez@example.com,1998-11-04
2998,Joseph Reeves,hsmith@example.net,1966-03-18
4975,Annette Estrada,raven81@example.net,2011-11-26
3985,Derek Hogan,catherinebutler@example.net,1932-12-05
9115,Lindsey Meyer,banderson@example.com,1953-11-17
1825,Antonio Bell,christine88@example.com,2011-12-01
3929,Natalie Lawrence,abigailbush@example.org,1923-01-03
3844,Michael Wright,phillipssteven@example.org,1969-04-27
451,Nancy Grimes,samantha43@example.com,1932-04-28
9360,Todd Mcconnell,bwelch@example.org,2006-01-10
9657,Andrew Lara,raymond16@example.org,1917-12-30
7187,Joseph Wilson,ajohnson@example.org,1991-09-12
2723,Eduardo Shaw,shannonstephanie@example.com,1946-11-07
9670,Ryan Carroll,fandrews@example.net,2015-08-03
7049,Travis Deleon,jamesbenjamin@example.net,1953-08-13
6157,Andrew Cook,kleinwilliam@example.net,1939-12-21
6329,Jeremy Hicks,davidsonkatrina@example.com,1947-05-31
1828,Roy Rivas,jessicazimmerman@example.com,1943-11-01
9059,Ronald Cummings,xmcneil@example.net,1910-07-01
6931,Meagan Ford,jessica37@example.com,1908-08-03
4085,Melinda Ramirez,mistyferguson@example.com,1938-05-06
6979,Randy Campbell,pscott@example.net,1950-07-21
7433,Michael Miller,amy25@example.com,1986-05-05
4924,Lindsey Hayes,donald46@example.org,1932-05-12
7938,Douglas Gomez,romansean@example.org,2011-01-01
8458,Melissa Harper,esmith@example.net,1938-12-02
3256,Mercedes Kelly,maryhoward@example.com,1956-05-02
6073,Joshua Gonzalez,codygarcia@example.com,2005-02-01
5415,Ashley Burns,joshua53@example.com,2012-08-09
6256,Michael Harding,heatherburns@example.org,1944-04-11
7522,Megan Randall,patelricardo@example.net,1910-12-05
5611,Tiffany Buckley,loribennett@example.org,2007-11-20
3517,Richard Bailey,cardenaswilliam@example.com,1953-03-31
7382,Kelsey Vincent,tyrone26@example.net,1959-02-23
9080,Patricia Simmons,evelyn92@example.org,2006-06-08
4952,Robert Frazier,mnichols@example.net,1918-11-21
241,Kirsten Hernandez,huntandres@example.net,1998-03-11
7537,Jessica Espinoza,kariwhitaker@example.net,1980-02-09
8110,Jeremy Graham,david60@example.net,1975-07-28
660,Christopher Perkins,jennifer50@example.org,2018-04-23
8863,Kenneth Lawrence,virginia39@example.net,1969-05-03
716,Monica Nichols,stephanieclark@example.org,1996-03-10
1678,Jaime Patrick,ericatkins@example.com,1957-06-17
8344,Kevin Ferguson,qhunter@example.org,1979-01-08
7223,Tony Tate,pglover@example.com,1964-01-31
4893,Kyle Anderson,scott10@example.net,1998-04-07
6833,Jacob Grant,ymckee@example.com,1957-10-26
1585,David Lynch,jamespatrick@example.com,1942-04-14
5161,Michael Obrien,lynnashley@example.net,1935-08-27
2521,Jennifer Sims,cherylanderson@example.org,1981-03-25
4847,Erin George,jessica21@example.org,1914-08-22
5156,Jessica Walker,sextoncarlos@example.com,1950-02-19
7838,Abigail Bartlett,jason70@example.net,1983-10-14
5550,Daniel Garza,zwhite@example.org,1958-06-22
5683,Anthony Vazquez,rfernandez@example.org,1919-07-19
2148,Thomas Jackson,zmedina@example.org,2003-10-21
629,Laura Simpson,brownsamantha@example.com,1947-01-02
4024,Stacy Hughes,chavezchristopher@example.org,1908-07-12
9173,Joshua Parsons,andrew13@example.org,1937-02-19
818,Stanley Morris,obarnes@example.net,1948-05-02
4460,Patrick Smith,zstafford@example.org,1937-04-02
2470,Sylvia Hancock,patriciakim@example.org,1996-12-08
4332,Robin White,owenslatoya@example.net,1929-09-04
